context_hash,label,rationale
c897777f493aaf0f9a11e9cb98f1ad08,1,
096e1256e8d1ab097b43d3d025f8e9c1,1,
103f747eca8650550b2e81355c327869,0,
569e6a83af08e202c45cc977924b4cf7,0,
12b279248109b6e101533561d1557582,0,
2f5b86058af3b85ed64e8ef4c583bd01,0,
ba07c160fe9466f4c5c70e2f38926255,0,
dbaed90f14b2e822050305077ee8c8e7,1,
4fdf031a11dc43e63541e3e40a591a49,0,
efd1e8c4fd2c91d841e580d3222ed5ce,0,
1a0d9715cb6e78e23a2296d32d2b0a28,0,
465f953fec8791d48643cbb332ae428a,0,
c58a6e0d88d817094839506a6a2fa821,0,
4ca05ae170989c5add8938694680a9b4,1,
4bec4891ea96d704f193aee12167d995,1,
03599b3c3b845e6f319003930de9e146,0,
7ce6fc1f9b433f86510c9d4eebbfd6cc,0,
c5fcfa62740ff03b47a7b75d420138dc,0,
dc9e08cde619b8e1f5f03f4a6080f751,0,
ef43b031bcba4f83c8653928a1bda3a8,0,
5ae5102d8061a3779a3d5cf6456aadad,0,
ff0b26efe009c77d63a96112cf3b4f07,0,
1aa25c9c56bbaa57b1b5252a29e6eeaf,0,
c686ab1668f00f5355ba3a108be745b9,0,
f9f4461cb05bed41eb75d3c9ad070927,0,
